{
  "total_files": 49,
  "avg_complexity": 164.40816326530611,
  "avg_maintainability": 50.514309093540476,
  "total_style_issues": 2046,
  "avg_lines_per_function": 27.548176458730932
}